rho,fractal_dimension,lyapunov_max,wing_asymmetry
24.0,9.647458426454921,38.30046318853435,1.7978723404255321
25.0,10.018200178813226,39.015687212956905,1.4913419913419914
26.0,10.03754695396218,39.062523624528794,1.3535353535353538
27.0,10.079484783826816,38.5907570904132,0.7488986784140967
28.0,10.108524456778168,36.94686149654406,1.0149006622516554
29.0,10.139551352398794,33.427114520141984,1.1042016806722692
30.0,10.101975670949232,28.181524396752017,1.0916808149405772
31.0,10.060695931687555,21.16647480946348,1.2909441233140657
32.0,10.164906926675688,17.235971521129155,0.9587301587301588
